Name,t1,t2,t3,t4
QT,0.019072878,0.019222709,0.000441527,0.006247215
QO,0.0189011,0.018993972,0.00053015,0.004917676
Simple,0.022185625,0.022317164,0.000652937,0.006650497
OPT,0.012926966,0.012873386,0.000415612,0.004401612
