Name,t1,t2,t3,t4
QT,0.032150606,0.031743186,0.000582473,0.00873894
QO,0.027584555,0.027513158,0.000772889,0.006770042
Simple,0.031630398,0.031715101,0.000952292,0.009598162
OPT,0.016999345,0.016828647,0.00050447,0.005366166
