Name,t1,t2,t3,t4
QT,0.013451144,0.013482416,0.000329398,0.004460603
QO,0.012624135,0.012639283,0.000394061,0.003387977
Simple,0.015583154,0.01568738,0.000480493,0.005210611
OPT,0.008269867,0.008367611,0.000296948,0.002978165
