Name,t1,t2,t3,t4
QT,0.017285489,0.017457364,0.000407708,0.00571683
QO,0.017227031,0.017350865,0.000472875,0.004501247
Simple,0.019472405,0.019520613,0.000552333,0.006103871
OPT,0.011797659,0.011764451,0.000337,0.004031539
