Name,t1,t2,t3,t4
QT,0.011263832,0.011322231,0.000294003,0.003927278
QO,0.008416521,0.008244746,0.000331653,0.002851446
Simple,0.011673256,0.011673939,0.000406123,0.004285571
OPT,0.005978411,0.005946021,0.000263725,0.00273636
